time,vehicle_daily_avg
00:00,44.758
01:00,14.932
02:00,10.952
03:00,12.716
04:00,44.694
05:00,115.36
06:00,219.886
07:00,146.568
07:20,185.042
07:40,245.182
08:00,261.742
08:20,243.65
08:40,215.026
09:00,249.024
09:20,231.73
09:40,199.79
10:00,559.84
11:00,550.358
12:00,595.734
13:00,635.606
14:00,659.136
15:00,639.078
16:00,600.828
17:00,224.52
17:20,193.88
17:40,187.748
18:00,218.794
18:20,181.432
18:40,125.786
19:00,121.262
19:20,95.164
19:40,86.948
20:00,197.014
21:00,104.268
22:00,57.036
23:00,38.504
